{
  "epochs": [
    0
  ],
  "train_loss": [
    0.49474358558654785,
    0.5146573781967163,
    0.5513907074928284,
    0.415609747171402,
    0.49608713388442993,
    0.5756340622901917,
    0.4775503873825073,
    0.46707862615585327,
    0.6038322448730469,
    0.4903283417224884,
    0.4306168556213379,
    0.5560026168823242,
    0.5325431823730469,
    0.35238251090049744,
    0.3746397793292999,
    0.3919118046760559,
    0.37732499837875366,
    0.5163441896438599,
    0.3659556806087494,
    0.4309220612049103,
    0.33888107538223267,
    0.36935216188430786,
    0.46103590726852417,
    0.3681902289390564,
    0.4873116612434387,
    0.5158107876777649,
    0.46504926681518555,
    0.25463932752609253,
    0.29107996821403503,
    0.3750198781490326,
    0.3002685010433197,
    0.39814549684524536,
    0.45091044902801514,
    0.5269019603729248,
    0.3198867440223694,
    0.430087685585022,
    0.4434412717819214,
    0.5115216374397278,
    0.3045116662979126,
    0.3374914228916168,
    0.4239863157272339,
    0.31820547580718994,
    0.2382664531469345,
    0.40078580379486084,
    0.2897436320781708,
    0.4010888338088989,
    0.4343007206916809,
    0.4541589617729187,
    0.38508692383766174,
    0.2974320650100708,
    0.3522464334964752,
    0.3628130257129669
  ],
  "val_loss": [
    0.7806928157806396,
    0.8287630081176758,
    0.7194756269454956,
    0.6660901308059692,
    1.0133322477340698,
    1.4521653652191162,
    0.6686595678329468,
    0.8769316673278809,
    0.6360421180725098,
    0.5470460653305054,
    0.6625852584838867,
    1.0446052551269531,
    0.6984654068946838,
    0.7763227820396423,
    0.8940830826759338,
    0.6664986610412598,
    0.7297052145004272,
    0.7545793056488037,
    0.8429529666900635,
    0.5750317573547363,
    0.6687051057815552,
    0.7796363234519958,
    0.7822815179824829,
    0.6582002639770508,
    0.5901707410812378,
    0.7378520965576172,
    0.7488992810249329,
    0.9225477576255798,
    1.130252480506897,
    0.5857681035995483,
    0.6262589693069458,
    0.7359528541564941,
    0.7196244597434998,
    0.7958125472068787,
    0.6574766039848328,
    0.5862441062927246,
    0.8021173477172852,
    0.945670485496521,
    0.6710460186004639,
    0.5807846784591675,
    0.661648154258728,
    0.7153975367546082,
    0.7464144825935364,
    0.6034618020057678,
    0.6696064472198486,
    0.6286453008651733,
    0.9212113618850708,
    0.7218367457389832,
    0.8415737748146057,
    0.7127125263214111,
    0.7456076145172119,
    0.685612678527832
  ],
  "train_acc": [
    0.0
  ],
  "val_acc": [
    0.0
  ],
  "train_aux_loss_1": [],
  "train_aux_loss_2": [],
  "val_aux_loss_1": [],
  "val_aux_loss_2": [],
  "train_logits_mean": [],
  "train_logits_std": [],
  "val_logits_mean": [],
  "val_logits_std": [],
  "lrs": [
    1.0000001079990832e-05
  ]
}