{
  "epochs": [
    0
  ],
  "train_loss": [
    0.7780566215515137,
    1.273993968963623,
    0.6851615309715271,
    0.6740469932556152,
    0.7559791803359985,
    0.6826522946357727,
    0.7176993489265442,
    0.7119712829589844,
    0.6786313056945801,
    1.644636869430542,
    0.7255717515945435,
    0.6672879457473755,
    0.6480557322502136,
    0.634502649307251,
    0.5620664358139038,
    0.6357603073120117,
    0.6654767990112305,
    0.5006635189056396,
    0.7337378263473511,
    0.6012256145477295,
    0.504001259803772,
    0.6225950717926025,
    0.5376464128494263,
    0.5791231393814087,
    0.7029900550842285,
    0.74925297498703,
    0.5274555683135986,
    0.5467277765274048,
    0.5654405355453491,
    0.7236449718475342,
    0.6626532077789307,
    0.6987552046775818,
    0.6961103677749634,
    0.5985819697380066,
    0.5517303347587585,
    0.6812605857849121,
    0.5873658657073975,
    0.612694263458252,
    0.5723928213119507,
    0.47549566626548767,
    0.632906436920166,
    1.3243123292922974,
    0.5676812529563904,
    0.6292223930358887,
    0.5429245233535767,
    0.6473481059074402,
    0.517264723777771,
    0.702383279800415,
    0.6271477341651917,
    0.43485337495803833,
    0.7552932500839233,
    0.6056112051010132,
    0.4874226450920105,
    0.5599688291549683,
    0.606882631778717,
    0.6195043921470642,
    0.6406953930854797,
    0.558843731880188,
    0.46689409017562866,
    0.5015669465065002,
    0.5184825658798218,
    0.608078122138977,
    0.5317182540893555,
    0.9249393939971924,
    0.6043415069580078,
    0.6706407070159912,
    0.8352952599525452,
    0.5058416128158569,
    0.581707775592804,
    0.5971628427505493,
    0.7081574201583862,
    0.6250687837600708,
    0.7958060503005981,
    0.5321617722511292,
    0.6957640051841736,
    0.5822664499282837,
    0.43038666248321533,
    0.6005195379257202,
    0.6116656064987183,
    0.5752540826797485,
    0.6248860955238342,
    0.6314697265625,
    0.6197514533996582,
    0.5193449258804321,
    1.1010487079620361,
    0.49925363063812256,
    0.44618934392929077,
    0.7354529500007629,
    0.5576378107070923,
    0.777104377746582,
    0.47039422392845154,
    0.44130927324295044,
    0.5914871692657471,
    0.6940503120422363,
    0.5612136125564575,
    0.659369945526123,
    0.8464144468307495,
    0.619512677192688,
    0.8060179948806763,
    0.7317700982093811,
    0.5172853469848633,
    0.5547642111778259,
    0.7061726450920105,
    0.5409669876098633,
    0.5140299201011658,
    0.6542153358459473,
    0.6405813097953796,
    0.5331305265426636,
    0.46223050355911255,
    0.8673211336135864,
    0.560499906539917,
    0.4800097942352295,
    0.528969943523407,
    0.5660456418991089,
    0.6791402697563171,
    0.5162269473075867,
    0.5907182693481445,
    0.5793287754058838,
    0.6215683221817017,
    0.574367344379425,
    0.47968238592147827,
    0.5428010821342468,
    0.5301503539085388,
    0.4933725595474243,
    0.5649228096008301,
    0.7130240201950073,
    0.650867760181427,
    0.5249389410018921,
    0.709623396396637,
    0.510730504989624,
    0.4345090985298157,
    0.4977639317512512,
    0.4875369369983673,
    0.5517780780792236,
    0.610016942024231,
    0.5679388046264648,
    0.48055076599121094,
    0.5052831172943115,
    0.4486128091812134,
    0.6021022796630859,
    0.6747655868530273,
    0.594355046749115,
    0.7485823631286621,
    0.5860632658004761,
    0.5939632654190063,
    0.5193242430686951,
    0.541151225566864,
    0.5652648210525513,
    0.49930092692375183,
    0.5676954984664917,
    0.5112427473068237,
    0.5923056602478027,
    0.870647132396698,
    0.6333063840866089,
    0.594443678855896,
    0.3941367268562317,
    0.5276943445205688,
    0.5735695362091064,
    0.4737209677696228,
    0.5243967771530151,
    0.554311990737915,
    0.6833568215370178,
    0.498647540807724,
    0.5076187252998352,
    0.49137091636657715,
    0.4216769337654114,
    0.5960018634796143,
    0.4704340100288391,
    0.5428672432899475,
    0.8095345497131348,
    0.5237143039703369,
    0.44854459166526794,
    0.4412975013256073,
    0.49767211079597473,
    0.4561481475830078,
    0.4268260896205902,
    0.6131436824798584,
    0.5888688564300537,
    0.6103848218917847,
    0.46997565031051636,
    0.5417346954345703,
    0.43097901344299316,
    0.5070193409919739,
    0.45651012659072876,
    0.44186171889305115,
    0.6012506484985352,
    0.5302846431732178,
    0.47138363122940063,
    0.47387081384658813,
    0.5424448251724243,
    0.5106631517410278,
    0.6237707138061523,
    0.43363460898399353,
    0.46756666898727417,
    0.48665738105773926,
    0.4762784242630005,
    0.4875473380088806,
    0.5935186147689819,
    0.583543062210083,
    0.592128574848175,
    0.49515125155448914,
    0.654292643070221
  ],